user_id,fname,lname,email,created_at
1,Priscella,MacDuff,pmacduff0@mail.ru,3/13/2022
2,Amii,Stables,astables1@ted.com,8/16/2022
3,Kirsti,Bethel,kbethel2@google.ru,9/11/2022
4,Delmer,Brockton,dbrockton3@alibaba.com,2/16/2022
5,Cristi,Oels,coels4@hostgator.com,6/1/2022
6,Kaja,Sidry,ksidry5@shutterfly.com,10/7/2022
7,Cullen,Targett,ctargett6@google.de,4/6/2022
8,Lon,Luto,lluto7@about.com,4/2/2022
9,Timmie,Duckinfield,tduckinfield8@drupal.org,5/19/2022
10,Everett,Buntine,ebuntine9@ning.com,5/13/2022
11,Dianemarie,MacNeilly,dmacneillya@artisteer.com,3/6/2022
12,Vachel,Grigoli,vgrigolib@dmoz.org,4/19/2022
13,Euphemia,Dancey,edanceyc@theglobeandmail.com,10/18/2022
14,Rufe,Cokly,rcoklyd@cbc.ca,12/26/2021
15,Shawn,Alves,salvese@cam.ac.uk,8/12/2022
16,Francine,Overington,foveringtonf@fema.gov,4/18/2022
17,Faustina,Scutts,fscuttsg@oracle.com,1/29/2022
18,Chryste,Plank,cplankh@yandex.ru,4/17/2022
19,Kelcy,Dolligon,kdolligoni@booking.com,2/12/2022
20,Jayson,Rubinek,jrubinekj@macromedia.com,8/30/2022
21,Fred,Piatkow,fpiatkowk@123-reg.co.uk,8/25/2022
22,Linnea,Dyet,ldyetl@globo.com,9/9/2022
23,Cathee,Freire,cfreirem@virginia.edu,11/2/2022
24,Hodge,Jaquiss,hjaquissn@usa.gov,8/4/2022
25,Steffane,Sapauton,ssapautono@youtu.be,8/17/2022
26,Kelli,Ruppert,kruppertp@microsoft.com,2/1/2022
27,Josi,George,jgeorgeq@skype.com,11/14/2022
28,Angela,Joslyn,ajoslynr@sphinn.com,4/25/2022
29,Leontine,Legerton,llegertons@nih.gov,10/25/2022
30,Harlene,Abels,habelst@nih.gov,11/3/2022
31,Brennen,Bottlestone,bbottlestoneu@google.nl,7/19/2022
32,Saul,Lymbourne,slymbournev@dagondesign.com,10/11/2022
33,Harley,Shefton,hsheftonw@examiner.com,1/13/2022
34,Helenelizabeth,Lemmers,hlemmersx@home.pl,6/2/2022
35,Zondra,Esterbrook,zesterbrooky@disqus.com,12/20/2021
36,Kameko,Mounch,kmounchz@adobe.com,6/26/2022
37,Aleksandr,Jelf,ajelf10@chron.com,11/19/2022
38,Lyman,Briscow,lbriscow11@elpais.com,1/16/2022
39,Viole,Shaw,vshaw12@samsung.com,3/4/2022
40,Daffi,Attersoll,dattersoll13@prweb.com,7/7/2022
41,Tatiana,Crosthwaite,tcrosthwaite14@oaic.gov.au,10/23/2022
42,Mignon,Radke,mradke15@yahoo.co.jp,2/24/2022
43,Maxwell,Breacher,mbreacher16@tamu.edu,3/22/2022
44,Humfrey,Lasslett,hlasslett17@lycos.com,4/12/2022
45,Jourdain,ducarme,jducarme18@gmpg.org,4/24/2022
46,Neel,Roulston,nroulston19@wsj.com,10/1/2022
47,Brietta,Purches,bpurches1a@istockphoto.com,7/25/2022
48,Helene,Stillert,hstillert1b@bluehost.com,7/14/2022
49,Catie,Jerdon,cjerdon1c@smugmug.com,8/3/2022
50,Terrye,Bichard,tbichard1d@upenn.edu,2/18/2022
51,Teddy,Stiling,tstiling1e@blogspot.com,3/25/2022
52,Valentine,Batsford,vbatsford1f@icq.com,4/6/2022
53,Gannie,Baillie,gbaillie1g@nps.gov,6/18/2022
54,Ara,Ewbach,aewbach1h@addtoany.com,12/16/2021
55,Melany,Marsay,mmarsay1i@hostgator.com,5/14/2022
56,Derwin,Frain,dfrain1j@ezinearticles.com,12/12/2021
57,Merci,Postance,mpostance1k@mapquest.com,10/16/2022
58,Jaquelyn,Pexton,jpexton1l@blinklist.com,4/9/2022
59,Karrie,Breyt,kbreyt1m@wsj.com,3/13/2022
60,Artemis,Burnhill,aburnhill1n@marketwatch.com,1/19/2022
61,Billye,Andreopolos,bandreopolos1o@nih.gov,11/29/2021
62,Auria,Huffey,ahuffey1p@comsenz.com,10/20/2022
63,Gerhard,Antony,gantony1q@tripadvisor.com,6/14/2022
64,Vivianne,Yakobowitch,vyakobowitch1r@yahoo.co.jp,5/14/2022
65,Maxwell,Hawkey,mhawkey1s@tinyurl.com,11/21/2022
66,Gerard,Nourse,gnourse1t@discuz.net,11/20/2022
67,Baldwin,Townsend,btownsend1u@mlb.com,2/28/2022
68,Claudina,Wiffill,cwiffill1v@mit.edu,10/27/2022
69,Obadias,Giraudy,ogiraudy1w@thetimes.co.uk,10/16/2022
70,Robby,Angrove,rangrove1x@oakley.com,3/9/2022
71,Cad,Feek,cfeek1y@uiuc.edu,12/22/2021
72,Jimmy,Bartolomeo,jbartolomeo1z@360.cn,7/16/2022
73,Roxanne,Jessel,rjessel20@topsy.com,1/7/2022
74,Gill,Houldcroft,ghouldcroft21@weibo.com,7/4/2022
75,Dynah,Wollard,dwollard22@patch.com,11/16/2022
76,Galven,Thomazet,gthomazet23@wsj.com,9/24/2022
77,Quincy,Perrott,qperrott24@google.co.uk,5/17/2022
78,Drucill,Iglesia,diglesia25@hatena.ne.jp,12/15/2021
79,Adolf,Bloodworth,abloodworth26@ucsd.edu,7/9/2022
80,Jerad,Pearl,jpearl27@dyndns.org,8/31/2022
81,Erica,Dunsmuir,edunsmuir28@delicious.com,9/16/2022
82,Dallas,Splevin,dsplevin29@tinypic.com,1/24/2022
83,Vaughn,Sutliff,vsutliff2a@rediff.com,4/5/2022
84,Kevyn,Coners,kconers2b@feedburner.com,1/22/2022
85,Bevin,Sneesby,bsneesby2c@is.gd,11/24/2021
86,Gauthier,Kaman,gkaman2d@elegantthemes.com,4/21/2022
87,Clarisse,Campa,ccampa2e@tripadvisor.com,11/18/2022
88,Carmelita,McCalum,cmccalum2f@cpanel.net,8/30/2022
89,Tessi,Dallander,tdallander2g@reverbnation.com,6/30/2022
90,Florinda,Qualtro,fqualtro2h@examiner.com,9/25/2022
91,Minnie,Cottell,mcottell2i@mail.ru,5/11/2022
92,Marylou,Pleass,mpleass2j@mac.com,8/19/2022
93,Jen,Yearn,jyearn2k@exblog.jp,10/22/2022
94,Erich,Randles,erandles2l@google.fr,5/19/2022
95,Wynn,Vallentine,wvallentine2m@blogger.com,9/26/2022
96,Kristoffer,Leathe,kleathe2n@nih.gov,9/24/2022
97,Michaeline,Phizackerly,mphizackerly2o@g.co,3/30/2022
98,Dorothee,Seel,dseel2p@usda.gov,10/21/2022
99,Bondy,Newlan,bnewlan2q@google.co.uk,1/28/2022
100,Adrian,Easdon,aeasdon2r@ca.gov,11/2/2022
101,Efren,Ennals,eennals2s@sciencedaily.com,12/13/2021
102,Elisabetta,McCamish,emccamish2t@usa.gov,1/4/2022
103,Clara,Hakey,chakey2u@archive.org,1/24/2022
104,Evie,Kornes,ekornes2v@desdev.cn,11/21/2022
105,Coriss,Govey,cgovey2w@goo.gl,4/27/2022
106,Eadie,Edds,eedds2x@wikia.com,9/12/2022
107,Konstanze,Alyoshin,kalyoshin2y@hp.com,2/15/2022
108,Blinnie,Calver,bcalver2z@1688.com,11/2/2022
109,Abe,Misken,amisken30@ameblo.jp,5/1/2022
110,Penn,Klesel,pklesel31@cargocollective.com,8/2/2022
111,Sisile,Yanyshev,syanyshev32@livejournal.com,2/5/2022
112,Dalton,Melendez,dmelendez33@dailymail.co.uk,3/3/2022
113,Celestyn,Bernath,cbernath34@npr.org,6/11/2022
114,Bentlee,Tym,btym35@mtv.com,4/12/2022
115,Phillis,Phonix,pphonix36@dailymail.co.uk,1/23/2022
116,Sibylle,Bockett,sbockett37@paginegialle.it,3/28/2022
117,Beverlee,Withnall,bwithnall38@comcast.net,12/11/2021
118,Riane,Eagell,reagell39@hexun.com,12/25/2021
119,Minna,Culshaw,mculshaw3a@tripadvisor.com,1/23/2022
120,Marian,Itzhak,mitzhak3b@infoseek.co.jp,5/19/2022
121,Timmy,Callington,tcallington3c@tamu.edu,9/25/2022
122,Wallis,McBrearty,wmcbrearty3d@ezinearticles.com,8/8/2022
123,Orrin,Holston,oholston3e@liveinternet.ru,5/16/2022
124,Lance,McGarrahan,lmcgarrahan3f@vimeo.com,12/21/2021
125,Earle,Evershed,eevershed3g@pagesperso-orange.fr,8/30/2022
126,Clementina,Fluit,cfluit3h@sbwire.com,5/9/2022
127,Hatty,Tunny,htunny3i@i2i.jp,6/6/2022
128,Hagan,Leyshon,hleyshon3j@wufoo.com,11/2/2022
129,Hirsch,Ivannikov,hivannikov3k@twitter.com,5/12/2022
130,Maryanne,Tixier,mtixier3l@seesaa.net,4/15/2022
131,Eleonore,Vaan,evaan3m@nydailynews.com,8/7/2022
132,Swen,Ding,sding3n@studiopress.com,9/1/2022
133,Rafi,Shiell,rshiell3o@domainmarket.com,10/19/2022
134,Prinz,Stoffel,pstoffel3p@sina.com.cn,1/27/2022
135,Conant,Miguet,cmiguet3q@google.com,5/27/2022
136,Donella,Utley,dutley3r@cdbaby.com,1/4/2022
137,Cecelia,Roggero,croggero3s@stumbleupon.com,6/12/2022
138,Duky,Elcocks,delcocks3t@bbb.org,3/31/2022
139,Maureen,Dundendale,mdundendale3u@sciencedirect.com,5/15/2022
140,Roselin,Rosier,rrosier3v@jigsy.com,11/5/2022
141,Chickie,Roarty,croarty3w@prnewswire.com,7/22/2022
142,Meridel,Seignior,mseignior3x@multiply.com,11/8/2022
143,Felice,Gilder,fgilder3y@google.com.au,5/13/2022
144,Zebulen,Westmancoat,zwestmancoat3z@cnbc.com,5/18/2022
145,Nathan,Olney,nolney40@hibu.com,8/19/2022
146,Thacher,Yeskin,tyeskin41@angelfire.com,10/1/2022
147,Prue,Hake,phake42@behance.net,6/15/2022
148,Jermaine,Jancy,jjancy43@ask.com,5/6/2022
149,Veronique,Barroux,vbarroux44@yale.edu,3/31/2022
150,Marley,MacCoughen,mmaccoughen45@lulu.com,2/8/2022
151,Honoria,Kleinbaum,hkleinbaum46@foxnews.com,2/12/2022
152,Cati,Arons,carons47@acquirethisname.com,5/27/2022
153,Saba,Coleson,scoleson48@discovery.com,3/17/2022
154,Happy,Luipold,hluipold49@ocn.ne.jp,4/30/2022
155,Ninnette,Maymand,nmaymand4a@apache.org,12/3/2021
156,Marcello,Dirand,mdirand4b@feedburner.com,10/24/2022
157,Theodoric,Bridgeman,tbridgeman4c@elegantthemes.com,12/15/2021
158,Felipe,Jackman,fjackman4d@etsy.com,11/8/2022
159,Dory,Troy,dtroy4e@nydailynews.com,4/11/2022
160,Wilmer,Anstee,wanstee4f@istockphoto.com,6/16/2022
161,Chlo,Viccars,cviccars4g@vistaprint.com,7/12/2022
162,Erda,Kindred,ekindred4h@epa.gov,12/13/2021
163,Orelle,Rapkins,orapkins4i@ycombinator.com,12/6/2021
164,Rozelle,Washington,rwashington4j@comsenz.com,3/12/2022
165,Rozella,Willes,rwilles4k@networkadvertising.org,3/9/2022
166,Vivien,Lintall,vlintall4l@dailymail.co.uk,12/7/2021
167,Shel,Barnwall,sbarnwall4m@elpais.com,4/5/2022
168,Jami,Peracco,jperacco4n@bravesites.com,4/20/2022
169,Allard,Denkel,adenkel4o@weibo.com,7/23/2022
170,Jarrid,Pacheco,jpacheco4p@illinois.edu,1/14/2022
171,Hazel,McGillicuddy,hmcgillicuddy4q@admin.ch,9/22/2022
172,Nigel,Ilewicz,nilewicz4r@ted.com,5/31/2022
173,Tiffi,Beresfore,tberesfore4s@barnesandnoble.com,10/9/2022
174,Brynne,Heindrich,bheindrich4t@usda.gov,2/4/2022
175,Rickey,Levine,rlevine4u@hao123.com,5/20/2022
176,Sophia,O'Farris,sofarris4v@dropbox.com,11/28/2021
177,Hastings,Bentsen,hbentsen4w@moonfruit.com,12/23/2021
178,Christi,Ingleton,cingleton4x@delicious.com,7/12/2022
179,Deanna,Davidge,ddavidge4y@weather.com,8/5/2022
180,Rabbi,Byrd,rbyrd4z@oaic.gov.au,9/23/2022
181,Ellswerth,Athow,eathow50@networksolutions.com,7/13/2022
182,Vail,Silverthorne,vsilverthorne51@themeforest.net,6/19/2022
183,Tillie,MacKaile,tmackaile52@tripadvisor.com,6/27/2022
184,Andre,Deviney,adeviney53@yahoo.com,2/8/2022
185,Karlik,Calterone,kcalterone54@guardian.co.uk,5/18/2022
186,Faulkner,Brabben,fbrabben55@buzzfeed.com,6/18/2022
187,Shanda,Burrage,sburrage56@ebay.com,4/11/2022
188,Teriann,Guidelli,tguidelli57@time.com,10/2/2022
189,Bennett,McKeag,bmckeag58@phoca.cz,11/6/2022
190,Starr,Pinkney,spinkney59@apple.com,5/19/2022
191,Dannye,Nizard,dnizard5a@desdev.cn,1/16/2022
192,Mayor,Maddigan,mmaddigan5b@studiopress.com,6/8/2022
193,Dottie,Dory,ddory5c@cocolog-nifty.com,8/18/2022
194,Feliza,Gerardeaux,fgerardeaux5d@moonfruit.com,7/11/2022
195,Rochella,Ilyenko,rilyenko5e@nhs.uk,7/13/2022
196,Minor,Sharratt,msharratt5f@tamu.edu,4/7/2022
197,Caz,Stockey,cstockey5g@miibeian.gov.cn,4/5/2022
198,Rockey,Sachno,rsachno5h@harvard.edu,12/7/2021
199,Margarethe,Shrieves,mshrieves5i@reference.com,10/26/2022
200,Benton,Seamark,bseamark5j@webnode.com,11/20/2022
201,Haven,Goodoune,hgoodoune5k@php.net,10/12/2022
202,Archibold,Filov,afilov5l@github.io,2/5/2022
203,Jermayne,Hegerty,jhegerty5m@howstuffworks.com,3/18/2022
204,Ramsay,Berringer,rberringer5n@furl.net,6/23/2022
205,Gabbey,Laybourne,glaybourne5o@dyndns.org,2/16/2022
206,Hewe,Hedden,hhedden5p@vistaprint.com,8/24/2022
207,Ben,Sowerbutts,bsowerbutts5q@tinypic.com,12/27/2021
208,Lyndel,Unsworth,lunsworth5r@unicef.org,2/12/2022
209,Lion,Hickin,lhickin5s@intel.com,3/3/2022
210,Vivianne,Exeter,vexeter5t@soundcloud.com,5/7/2022
211,Katharina,Ingarfill,kingarfill5u@livejournal.com,8/15/2022
212,Lyman,Goggin,lgoggin5v@symantec.com,2/11/2022
213,Lorri,O'Gavin,logavin5w@google.com.au,8/8/2022
214,Dinnie,Grigorescu,dgrigorescu5x@redcross.org,10/21/2022
215,Evy,Runnicles,erunnicles5y@shareasale.com,5/4/2022
216,Jefferson,Shall,jshall5z@prweb.com,11/10/2022
217,Rory,MacLaughlin,rmaclaughlin60@myspace.com,4/28/2022
218,Kati,Gravenell,kgravenell61@seattletimes.com,8/28/2022
219,Tanya,De la Perrelle,tdelaperrelle62@vimeo.com,8/14/2022
220,Gilbertine,Chiplin,gchiplin63@indiatimes.com,10/12/2022
221,Emelita,Kneel,ekneel64@elpais.com,8/6/2022
222,Prescott,Crady,pcrady65@t-online.de,4/8/2022
223,Lynne,Schimon,lschimon66@t-online.de,10/19/2022
224,Alexandre,Nyles,anyles67@about.com,6/16/2022
225,Reinaldo,Eckh,reckh68@t.co,4/29/2022
226,Allan,Reeman,areeman69@delicious.com,4/18/2022
227,Normy,Honniebal,nhonniebal6a@jiathis.com,9/22/2022
228,Gianina,Sher,gsher6b@patch.com,9/3/2022
229,Eda,Welchman,ewelchman6c@si.edu,4/4/2022
230,Ezra,Carder,ecarder6d@newyorker.com,3/21/2022
231,Marlane,Beniesh,mbeniesh6e@1und1.de,11/14/2022
232,Elfrieda,Iwanczyk,eiwanczyk6f@cpanel.net,3/9/2022
233,Mil,Drakes,mdrakes6g@prlog.org,10/22/2022
234,Bryn,Brownbill,bbrownbill6h@dot.gov,9/18/2022
235,Theodoric,Fullegar,tfullegar6i@free.fr,12/24/2021
236,Olivier,McCrostie,omccrostie6j@buzzfeed.com,4/21/2022
237,Mel,Batte,mbatte6k@businessweek.com,11/29/2021
238,Natale,Randal,nrandal6l@cloudflare.com,11/5/2022
239,Deerdre,Newbury,dnewbury6m@joomla.org,10/17/2022
240,Rycca,Ferris,rferris6n@mapquest.com,12/26/2021
241,Bernardine,Nolleth,bnolleth6o@facebook.com,1/12/2022
242,Helene,Salt,hsalt6p@elpais.com,9/15/2022
243,Sisile,Peegrem,speegrem6q@twitpic.com,2/15/2022
244,Stu,Treece,streece6r@hibu.com,7/26/2022
245,Nonnah,Bartalin,nbartalin6s@seattletimes.com,5/3/2022
246,Auberta,O'Giany,aogiany6t@smh.com.au,9/17/2022
247,Tadd,Pietzner,tpietzner6u@aol.com,11/5/2022
248,Minnnie,Rabbet,mrabbet6v@google.com.au,12/18/2021
249,Vannie,Essex,vessex6w@salon.com,8/5/2022
250,Rebbecca,Antushev,rantushev6x@wufoo.com,3/17/2022
251,Gwennie,Orro,gorro6y@github.io,8/4/2022
252,Thorsten,Dell 'Orto,tdellorto6z@example.com,5/18/2022
253,Helli,Coggins,hcoggins70@techcrunch.com,12/24/2021
254,Fallon,Phette,fphette71@wiley.com,12/17/2021
255,Evie,Milleton,emilleton72@theatlantic.com,8/27/2022
256,Marsiella,Dalloway,mdalloway73@barnesandnoble.com,12/3/2021
257,Damiano,Addionizio,daddionizio74@ucoz.ru,4/8/2022
258,Kerr,Boothman,kboothman75@washington.edu,12/2/2021
259,Janaye,Bales,jbales76@ftc.gov,9/4/2022
260,Barnabe,Esslemont,besslemont77@tinyurl.com,1/15/2022
261,Susanna,Harbinson,sharbinson78@usgs.gov,4/10/2022
262,Jaimie,Ridoutt,jridoutt79@timesonline.co.uk,2/26/2022
263,Gaile,Tooker,gtooker7a@amazon.com,11/10/2022
264,Kailey,Sich,ksich7b@goodreads.com,6/1/2022
265,Rozele,Menezes,rmenezes7c@mtv.com,4/22/2022
266,Trixi,Remer,tremer7d@hhs.gov,4/29/2022
267,Mara,Spurr,mspurr7e@telegraph.co.uk,11/15/2022
268,Royall,Dzenisenka,rdzenisenka7f@paypal.com,6/25/2022
269,Ramsay,Dunn,rdunn7g@gov.uk,4/11/2022
270,Bruce,Merrill,bmerrill7h@fema.gov,5/21/2022
271,Myca,Birnie,mbirnie7i@jiathis.com,9/26/2022
272,Vilhelmina,Miquelet,vmiquelet7j@gizmodo.com,12/24/2021
273,Petronia,Keppe,pkeppe7k@spiegel.de,10/20/2022
274,Evin,McIntee,emcintee7l@mozilla.org,7/27/2022
275,Flor,Knightsbridge,fknightsbridge7m@about.com,1/30/2022
276,Elihu,Swindall,eswindall7n@illinois.edu,11/8/2022
277,Kelcie,Hedman,khedman7o@forbes.com,7/17/2022
278,Lola,Brew,lbrew7p@vimeo.com,3/17/2022
279,Twyla,Dallemore,tdallemore7q@mapquest.com,1/19/2022
280,Trixi,Garms,tgarms7r@usgs.gov,12/5/2021
281,Leah,Revey,lrevey7s@wikimedia.org,6/2/2022
282,Lin,Lyngsted,llyngsted7t@i2i.jp,4/21/2022
283,Orson,Swetland,oswetland7u@virginia.edu,8/2/2022
284,Rivkah,Sansbury,rsansbury7v@sun.com,3/27/2022
285,Hyacinthe,McWhirter,hmcwhirter7w@ftc.gov,12/15/2021
286,Ettie,Mintrim,emintrim7x@51.la,12/8/2021
287,Christin,Scarlan,cscarlan7y@jimdo.com,4/9/2022
288,Hildegarde,Tomasz,htomasz7z@apache.org,7/19/2022
289,Sharl,Twinberrow,stwinberrow80@ucla.edu,2/13/2022
290,Alejandrina,Scarce,ascarce81@sina.com.cn,11/24/2021
291,Gale,Bowe,gbowe82@dagondesign.com,12/3/2021
292,Colin,Quarton,cquarton83@4shared.com,4/24/2022
293,Fair,Curds,fcurds84@washington.edu,4/24/2022
294,Gav,Wilkes,gwilkes85@netvibes.com,4/1/2022
295,Bobby,Shorte,bshorte86@businesswire.com,4/17/2022
296,Archer,Nevitt,anevitt87@amazon.co.jp,6/25/2022
297,Cathleen,Heare,cheare88@cbc.ca,1/14/2022
298,Curtis,Brokenbrow,cbrokenbrow89@goo.gl,3/2/2022
299,Israel,Williment,iwilliment8a@dailymotion.com,8/11/2022
300,Ransell,Lowres,rlowres8b@usnews.com,5/2/2022
301,Arley,Collaton,acollaton8c@ustream.tv,2/12/2022
302,Daile,Nanninini,dnanninini8d@deliciousdays.com,9/16/2022
303,Hesther,Spendlove,hspendlove8e@yahoo.co.jp,9/22/2022
304,Barry,Nield,bnield8f@cbc.ca,11/30/2021
305,Madeline,Eary,meary8g@wp.com,1/26/2022
306,Nickolas,Philippeaux,nphilippeaux8h@ning.com,2/26/2022
307,Dorree,Halhead,dhalhead8i@jalbum.net,7/16/2022
308,Muffin,Biglin,mbiglin8j@vk.com,9/20/2022
309,Hector,Esp,hesp8k@mit.edu,7/23/2022
310,Feodor,Holde,fholde8l@salon.com,8/26/2022
311,Sari,Polsin,spolsin8m@cnn.com,2/2/2022
312,Chastity,Mackley,cmackley8n@hatena.ne.jp,11/3/2022
313,Alena,Pinnijar,apinnijar8o@noaa.gov,12/3/2021
314,Tobin,Howick,thowick8p@ovh.net,3/22/2022
315,Conny,Nanetti,cnanetti8q@jiathis.com,8/24/2022
316,Nappy,Capey,ncapey8r@ezinearticles.com,3/11/2022
317,Glyn,Papachristophorou,gpapachristophorou8s@smugmug.com,11/14/2022
318,Mike,Strutley,mstrutley8t@yellowbook.com,6/21/2022
319,Hope,Groombridge,hgroombridge8u@examiner.com,3/11/2022
320,Ivory,Cracie,icracie8v@pinterest.com,5/29/2022
321,Grenville,Harber,gharber8w@php.net,3/9/2022
322,Fonzie,Duggan,fduggan8x@patch.com,9/15/2022
323,Danie,Pryce,dpryce8y@geocities.jp,9/18/2022
324,Pammi,Noto,pnoto8z@com.com,1/14/2022
325,Claudius,Frogley,cfrogley90@shinystat.com,11/24/2021
326,Andras,Norcop,anorcop91@usgs.gov,3/12/2022
327,Audra,Brimley,abrimley92@businessinsider.com,4/7/2022
328,Burnard,Mateiko,bmateiko93@freewebs.com,11/2/2022
329,Fabien,Rowth,frowth94@cbc.ca,12/19/2021
330,Esma,Polycote,epolycote95@dailymotion.com,11/1/2022
331,George,Cubbit,gcubbit96@netlog.com,5/20/2022
332,Cale,Coote,ccoote97@cbc.ca,1/31/2022
333,Karyn,Barrie,kbarrie98@linkedin.com,4/7/2022
334,Brandie,Bilbrook,bbilbrook99@nyu.edu,7/27/2022
335,Kattie,Doward,kdoward9a@woothemes.com,4/9/2022
336,Boy,MacCook,bmaccook9b@state.gov,12/5/2021
337,Louis,Lerwell,llerwell9c@ameblo.jp,12/13/2021
338,Xerxes,Pinkard,xpinkard9d@ebay.com,6/2/2022
339,Dewitt,Calf,dcalf9e@umn.edu,5/22/2022
340,Lesley,Jeffress,ljeffress9f@miibeian.gov.cn,3/10/2022
341,Luce,O'Mohun,lomohun9g@tuttocitta.it,11/21/2022
342,Aleta,Percifull,apercifull9h@pen.io,10/26/2022
343,Ronny,Peck,rpeck9i@pbs.org,5/5/2022
344,Germayne,Brooking,gbrooking9j@wikipedia.org,10/13/2022
345,Daphene,Giacometti,dgiacometti9k@toplist.cz,4/27/2022
346,Vanya,Scurrah,vscurrah9l@bigcartel.com,9/30/2022
347,Maribeth,Dilleston,mdilleston9m@skype.com,12/17/2021
348,Hyacinthie,Brewitt,hbrewitt9n@deviantart.com,12/10/2021
349,Tymothy,Eborn,teborn9o@pcworld.com,7/17/2022
350,Filide,MacTeague,fmacteague9p@zimbio.com,2/24/2022
351,Lyndy,Joysey,ljoysey9q@opera.com,2/3/2022
352,Hatty,Pinwill,hpinwill9r@foxnews.com,1/7/2022
353,Alanson,Bearcock,abearcock9s@geocities.jp,5/27/2022
354,Korey,Chafney,kchafney9t@i2i.jp,3/25/2022
355,Dari,Vanichev,dvanichev9u@answers.com,9/5/2022
356,Roland,Breffitt,rbreffitt9v@dyndns.org,10/14/2022
357,Enos,Cobbald,ecobbald9w@cbc.ca,12/25/2021
358,Nadya,Boorer,nboorer9x@nih.gov,9/6/2022
359,Cecil,Wallis,cwallis9y@mit.edu,5/23/2022
360,Brice,Jansa,bjansa9z@flickr.com,8/17/2022
361,Abigail,Rustich,arusticha0@ft.com,7/6/2022
362,Michele,O'Bradane,mobradanea1@topsy.com,6/1/2022
363,Gwennie,Wolford,gwolforda2@oakley.com,6/22/2022
364,Erhard,Leglise,eleglisea3@theglobeandmail.com,7/29/2022
365,Britt,Vanne,bvannea4@cdbaby.com,5/10/2022
366,Nat,Playdon,nplaydona5@europa.eu,9/14/2022
367,Blondie,Ebbs,bebbsa6@booking.com,4/7/2022
368,Harriette,Bolmann,hbolmanna7@newsvine.com,12/3/2021
369,Whitby,Heiton,wheitona8@prlog.org,7/8/2022
370,Franz,O' Timony,fotimonya9@skype.com,4/11/2022
371,Aurlie,Van Schafflaer,avanschafflaeraa@google.ca,12/2/2021
372,Monica,Mitrovic,mmitrovicab@usnews.com,5/6/2022
373,Emmery,Mc Menamin,emcmenaminac@japanpost.jp,2/16/2022
374,Vinni,Dugall,vdugallad@tmall.com,1/1/2022
375,Vitia,Doumer,vdoumerae@about.com,12/6/2021
376,Florance,Beddall,fbeddallaf@comcast.net,6/17/2022
377,Brittani,Dosdill,bdosdillag@sakura.ne.jp,10/3/2022
378,Roscoe,Berthomieu,rberthomieuah@arizona.edu,6/23/2022
379,Tanya,Reddy,treddyai@furl.net,4/28/2022
380,Micah,Renvoys,mrenvoysaj@tuttocitta.it,10/20/2022
381,Gale,Nanson,gnansonak@tamu.edu,9/14/2022
382,Lyndsie,Dibbert,ldibbertal@so-net.ne.jp,4/8/2022
383,Fifine,Folkard,ffolkardam@tripod.com,9/7/2022
384,Bendick,Inglesant,binglesantan@ted.com,3/22/2022
385,Stesha,Northley,snorthleyao@shinystat.com,6/8/2022
386,Blinni,Edge,bedgeap@timesonline.co.uk,6/23/2022
387,Sargent,Coast,scoastaq@intel.com,12/5/2021
388,Damon,Dews,ddewsar@uiuc.edu,9/5/2022
389,Phaidra,Sarfass,psarfassas@tumblr.com,11/4/2022
390,Elvera,Farryn,efarrynat@livejournal.com,1/26/2022
391,Jared,Mulqueen,jmulqueenau@upenn.edu,8/19/2022
392,Dorine,Peck,dpeckav@comcast.net,2/1/2022
393,Papageno,Malden,pmaldenaw@1688.com,4/29/2022
394,Abagail,Teasdale,ateasdaleax@baidu.com,6/5/2022
395,Lotti,Basterfield,lbasterfielday@senate.gov,12/22/2021
396,Elysee,Glennie,eglennieaz@sohu.com,5/25/2022
397,Jamie,Dickerline,jdickerlineb0@google.nl,6/29/2022
398,Bailie,Jimes,bjimesb1@surveymonkey.com,7/20/2022
399,Rochette,Kleinsmuntz,rkleinsmuntzb2@unblog.fr,2/1/2022
400,Nada,Shine,nshineb3@hatena.ne.jp,7/31/2022
401,Arlena,Wallbrook,awallbrookb4@census.gov,11/21/2022
402,Finley,Rodliff,frodliffb5@jigsy.com,1/1/2022
403,Tabbatha,Simmans,tsimmansb6@yelp.com,5/4/2022
404,Padraig,Dewsnap,pdewsnapb7@yelp.com,10/16/2022
405,Kasey,Malitrott,kmalitrottb8@unicef.org,5/23/2022
406,Astrix,Halkyard,ahalkyardb9@taobao.com,12/12/2021
407,Yance,Coronado,ycoronadoba@xing.com,9/2/2022
408,Hilde,Relfe,hrelfebb@liveinternet.ru,12/23/2021
409,Kimberly,Mangon,kmangonbc@miibeian.gov.cn,9/21/2022
410,Lanny,Westcot,lwestcotbd@umich.edu,1/17/2022
411,Wang,Vlasin,wvlasinbe@unicef.org,10/7/2022
412,Ermentrude,Fearnsides,efearnsidesbf@hostgator.com,6/8/2022
413,Ced,Delue,cdeluebg@arstechnica.com,9/3/2022
414,Florence,Barron,fbarronbh@amazon.com,9/8/2022
415,Trefor,Mitchenson,tmitchensonbi@yelp.com,12/20/2021
416,Rebecca,Winckworth,rwinckworthbj@icio.us,1/11/2022
417,Lora,Uden,ludenbk@edublogs.org,7/8/2022
418,Ursulina,Boddice,uboddicebl@chronoengine.com,5/19/2022
419,Frances,Freund,ffreundbm@cnn.com,11/9/2022
420,Marjorie,Scarisbrick,mscarisbrickbn@virginia.edu,12/28/2021
421,Brose,Copcote,bcopcotebo@ed.gov,9/4/2022
422,Hesther,Sobtka,hsobtkabp@zdnet.com,12/1/2021
423,Dave,Vize,dvizebq@wikia.com,3/16/2022
424,Dante,Rove,drovebr@eventbrite.com,9/20/2022
425,Birk,Junes,bjunesbs@psu.edu,8/6/2022
426,Jozef,Jobke,jjobkebt@typepad.com,3/12/2022
427,Kearney,Kleisle,kkleislebu@ameblo.jp,10/3/2022
428,Angeli,Treadgear,atreadgearbv@freewebs.com,4/21/2022
429,Granny,Fuentez,gfuentezbw@rambler.ru,12/7/2021
430,Erminie,Nani,enanibx@fc2.com,7/9/2022
431,Mata,Guildford,mguildfordby@washington.edu,4/25/2022
432,Darnall,Carleton,dcarletonbz@nytimes.com,3/17/2022
433,Ellissa,Tomei,etomeic0@ft.com,1/11/2022
434,Bianka,Antyshev,bantyshevc1@angelfire.com,5/31/2022
435,Lesya,Ebourne,lebournec2@mapy.cz,8/10/2022
436,Teirtza,Snar,tsnarc3@mac.com,7/9/2022
437,Dex,Odell,dodellc4@imdb.com,11/3/2022
438,Dominick,Sherar,dsherarc5@github.com,7/16/2022
439,Kiah,McQuade,kmcquadec6@yellowpages.com,5/10/2022
440,Bliss,Wilden,bwildenc7@list-manage.com,2/12/2022
441,Elita,Antonoczyk,eantonoczykc8@cbslocal.com,12/4/2021
442,Josie,McAmish,jmcamishc9@epa.gov,11/3/2022
443,Taber,Pigeram,tpigeramca@newyorker.com,2/6/2022
444,Shirlene,Wabersich,swabersichcb@xrea.com,8/17/2022
445,Sayre,Bircher,sbirchercc@smh.com.au,12/20/2021
446,Elmira,Vanelli,evanellicd@time.com,3/31/2022
447,Agustin,Airdrie,aairdriece@wunderground.com,6/14/2022
448,Bert,Chalder,bchaldercf@elpais.com,6/25/2022
449,Debee,Twede,dtwedecg@ca.gov,9/22/2022
450,Erin,Synnott,esynnottch@illinois.edu,1/27/2022
451,Joelly,Kenneway,jkennewayci@marketwatch.com,12/15/2021
452,Benjy,Smorthit,bsmorthitcj@wikipedia.org,11/2/2022
453,Merle,Budding,mbuddingck@weibo.com,4/23/2022
454,Ned,Pole,npolecl@histats.com,11/5/2022
455,Cary,Burghall,cburghallcm@irs.gov,3/1/2022
456,Friederike,Philippet,fphilippetcn@sourceforge.net,10/21/2022
457,Theresita,Wyles,twylesco@homestead.com,12/8/2021
458,Adolph,Doggett,adoggettcp@dropbox.com,12/24/2021
459,Orland,New,onewcq@amazon.com,5/19/2022
460,Tadd,Oddey,toddeycr@etsy.com,10/18/2022
461,Edyth,Lenton,elentoncs@huffingtonpost.com,7/29/2022
462,Alie,Dumbar,adumbarct@gnu.org,3/11/2022
463,Lyn,De Biaggi,ldebiaggicu@icio.us,6/16/2022
464,Tanny,Cayley,tcayleycv@admin.ch,6/30/2022
465,Brian,Anthon,banthoncw@wikimedia.org,2/19/2022
466,Charmain,Banbrigge,cbanbriggecx@unblog.fr,8/6/2022
467,Nita,Petrushka,npetrushkacy@dailymail.co.uk,6/25/2022
468,Faythe,Brower,fbrowercz@businesswire.com,2/5/2022
469,Dallis,Coda,dcodad0@clickbank.net,11/17/2022
470,Agosto,Apted,aaptedd1@networkadvertising.org,9/9/2022
471,Chiquita,Mothersdale,cmothersdaled2@shareasale.com,4/24/2022
472,Concettina,Grayshan,cgrayshand3@sciencedirect.com,9/25/2022
473,Dimitry,Birrane,dbirraned4@bbc.co.uk,7/30/2022
474,Gillian,Winsom,gwinsomd5@liveinternet.ru,10/10/2022
475,Vinnie,Nares,vnaresd6@topsy.com,2/26/2022
476,Miranda,Tennison,mtennisond7@altervista.org,6/23/2022
477,Eduardo,Broomhall,ebroomhalld8@phoca.cz,6/30/2022
478,Rutger,Varne,rvarned9@cnet.com,9/5/2022
479,Daloris,Uzzell,duzzellda@cpanel.net,8/3/2022
480,Melly,Siggins,msigginsdb@nbcnews.com,4/4/2022
481,Olivette,Bolley,obolleydc@youtube.com,1/1/2022
482,Chrissy,McCormack,cmccormackdd@over-blog.com,2/17/2022
483,Nonna,Cashmore,ncashmorede@bloomberg.com,11/8/2022
484,Celie,Munnis,cmunnisdf@hud.gov,5/30/2022
485,Clyve,Burd,cburddg@auda.org.au,5/2/2022
486,Aimee,Brunelleschi,abrunelleschidh@altervista.org,5/9/2022
487,Trish,Luty,tlutydi@taobao.com,9/19/2022
488,Othilia,Barrus,obarrusdj@japanpost.jp,5/7/2022
489,Agata,Krammer,akrammerdk@nps.gov,4/30/2022
490,Letty,Edmenson,ledmensondl@army.mil,3/22/2022
491,Wit,Shevlin,wshevlindm@goodreads.com,2/1/2022
492,Abbie,Alldread,aalldreaddn@wikia.com,4/28/2022
493,Ellette,Heilds,eheildsdo@taobao.com,6/27/2022
494,Mohammed,Mackinder,mmackinderdp@twitter.com,1/27/2022
495,Barris,Eathorne,beathornedq@nsw.gov.au,12/27/2021
496,Benjamen,Pye,bpyedr@google.cn,3/3/2022
497,Winona,Redman,wredmands@sogou.com,2/15/2022
498,Alika,Mair,amairdt@clickbank.net,12/13/2021
499,Farra,Marley,fmarleydu@homestead.com,6/12/2022
500,Moll,Danes,mdanesdv@jimdo.com,4/17/2022
501,Reeta,Troillet,rtroilletdw@squarespace.com,2/23/2022
502,Rachel,Walter,rwalterdx@weibo.com,5/18/2022
503,Uta,Proffer,uprofferdy@mit.edu,10/22/2022
504,Jacinda,Farnsworth,jfarnsworthdz@google.com.br,10/8/2022
505,Yoshi,Durden,ydurdene0@furl.net,9/13/2022
506,Sheppard,Coole,scoolee1@bbb.org,9/20/2022
507,Eddie,Huggins,ehugginse2@nsw.gov.au,10/26/2022
508,Michel,McQuaker,mmcquakere3@umn.edu,9/22/2022
509,Lorne,Vittery,lvitterye4@sogou.com,5/16/2022
510,Luci,Chalcroft,lchalcrofte5@gravatar.com,10/12/2022
511,Morse,O'Codihie,mocodihiee6@domainmarket.com,4/8/2022
512,Karlens,Linster,klinstere7@mediafire.com,3/24/2022
513,Rachele,Bartusek,rbartuseke8@digg.com,8/1/2022
514,Coralie,Devlin,cdevline9@craigslist.org,12/7/2021
515,Hendrik,Frayn,hfraynea@reference.com,6/11/2022
516,Devinne,Bengle,dbengleeb@marriott.com,2/7/2022
517,Erna,Forstall,eforstallec@prnewswire.com,10/3/2022
518,Hendrika,Worsnop,hworsnoped@example.com,4/15/2022
519,Imogen,Dayer,idayeree@prlog.org,1/13/2022
520,Jeffy,Spaduzza,jspaduzzaef@newsvine.com,5/8/2022
521,Rebekah,Becke,rbeckeeg@rediff.com,10/18/2022
522,Kennan,Stearley,kstearleyeh@europa.eu,12/8/2021
523,Cozmo,Saundercock,csaundercockei@jalbum.net,1/12/2022
524,Hartley,Wadman,hwadmanej@toplist.cz,3/9/2022
525,Vonni,Goodchild,vgoodchildek@free.fr,10/14/2022
526,Anne-marie,Papez,apapezel@t-online.de,12/3/2021
527,Dorie,McCuffie,dmccuffieem@globo.com,9/7/2022
528,Sydelle,Screaton,sscreatonen@state.tx.us,12/1/2021
529,Evvy,Crenage,ecrenageeo@imgur.com,4/15/2022
530,Trish,Wilkisson,twilkissonep@ocn.ne.jp,3/27/2022
531,Cornie,McFetridge,cmcfetridgeeq@unc.edu,12/24/2021
532,Donalt,McCoughan,dmccoughaner@nba.com,5/17/2022
533,Corrina,Syddie,csyddiees@aol.com,1/9/2022
534,Dominic,Gergolet,dgergoletet@devhub.com,2/25/2022
535,Robin,Shortt,rshortteu@si.edu,12/25/2021
536,Gilburt,Foucard,gfoucardev@ebay.com,3/30/2022
537,Bartram,Gosselin,bgosselinew@accuweather.com,6/29/2022
538,Padraic,Burrill,pburrillex@typepad.com,12/11/2021
539,Justen,Brabon,jbraboney@diigo.com,12/15/2021
540,Giana,Twinning,gtwinningez@barnesandnoble.com,3/10/2022
541,Adolphus,Melin,amelinf0@europa.eu,5/10/2022
542,Allegra,Prout,aproutf1@zimbio.com,5/17/2022
543,Cathy,Macknish,cmacknishf2@barnesandnoble.com,6/12/2022
544,Dilan,Cockhill,dcockhillf3@wordpress.com,6/12/2022
545,Rooney,Allman,rallmanf4@cornell.edu,8/18/2022
546,Benny,Gutridge,bgutridgef5@mac.com,11/13/2022
547,Yurik,Northover,ynorthoverf6@dedecms.com,5/7/2022
548,Una,Manvell,umanvellf7@linkedin.com,5/4/2022
549,Ricki,Farrin,rfarrinf8@usnews.com,2/19/2022
550,Lon,Atty,lattyf9@shutterfly.com,2/19/2022
551,Casandra,Plevey,cpleveyfa@twitter.com,10/29/2022
552,Maryanne,Ovens,movensfb@accuweather.com,12/17/2021
553,Marlin,Rigate,mrigatefc@newyorker.com,8/15/2022
554,Ely,Streets,estreetsfd@springer.com,1/18/2022
555,Michaella,Kiehne,mkiehnefe@sfgate.com,3/6/2022
556,Mart,Perigo,mperigoff@slate.com,5/28/2022
557,Jyoti,Borland,jborlandfg@booking.com,4/17/2022
558,Anderea,Planke,aplankefh@opera.com,5/11/2022
559,Pooh,Griggs,pgriggsfi@devhub.com,10/18/2022
560,Vaclav,Coite,vcoitefj@fotki.com,7/9/2022
561,Kimberley,Rockwill,krockwillfk@cam.ac.uk,1/4/2022
562,George,McElmurray,gmcelmurrayfl@economist.com,11/7/2022
563,Keri,Polet,kpoletfm@ycombinator.com,3/18/2022
564,Helenka,Searson,hsearsonfn@theglobeandmail.com,4/27/2022
565,Pete,Locarno,plocarnofo@squidoo.com,1/24/2022
566,Berna,Corris,bcorrisfp@omniture.com,8/22/2022
567,Aurie,Hirjak,ahirjakfq@yellowbook.com,4/11/2022
568,Niki,Mutter,nmutterfr@sitemeter.com,5/14/2022
569,Obadiah,Caudell,ocaudellfs@dmoz.org,9/6/2022
570,Pennie,Penke,ppenkeft@cyberchimps.com,12/8/2021
571,Yetta,Marchand,ymarchandfu@icq.com,7/27/2022
572,Kassey,Giabuzzi,kgiabuzzifv@wikispaces.com,12/10/2021
573,Ranee,Jaynes,rjaynesfw@boston.com,3/18/2022
574,Boothe,Blenkhorn,bblenkhornfx@ow.ly,4/20/2022
575,Minne,Steynor,msteynorfy@abc.net.au,12/1/2021
576,Samara,Peotz,speotzfz@oracle.com,10/12/2022
577,Donni,Frenzl,dfrenzlg0@howstuffworks.com,11/23/2021
578,Shoshanna,Filkov,sfilkovg1@tiny.cc,1/10/2022
579,Eb,Mixworthy,emixworthyg2@cargocollective.com,3/25/2022
580,Tatiania,McFayden,tmcfaydeng3@howstuffworks.com,3/9/2022
581,Hobey,Chritchlow,hchritchlowg4@pagesperso-orange.fr,7/27/2022
582,Nancie,Kierans,nkieransg5@taobao.com,5/29/2022
583,Harald,Borrow,hborrowg6@jugem.jp,3/6/2022
584,Linnea,Skillern,lskillerng7@guardian.co.uk,2/15/2022
585,Debor,Power,dpowerg8@uol.com.br,5/11/2022
586,Adelina,Scoles,ascolesg9@comsenz.com,3/5/2022
587,Kay,Harp,kharpga@bigcartel.com,5/30/2022
588,Jenna,Kuller,jkullergb@printfriendly.com,6/13/2022
589,Johan,Cast,jcastgc@webmd.com,11/28/2021
590,Kayle,Rodolphe,krodolphegd@yolasite.com,9/25/2022
591,Cece,Jerram,cjerramge@nbcnews.com,2/8/2022
592,Adaline,Stanborough,astanboroughgf@thetimes.co.uk,6/22/2022
593,Marge,Hamilton,mhamiltongg@odnoklassniki.ru,9/27/2022
594,Tybie,Perham,tperhamgh@webs.com,7/18/2022
595,Stinky,Paddemore,spaddemoregi@storify.com,4/16/2022
596,Blondelle,Dalston,bdalstongj@go.com,12/7/2021
597,Kellina,Passfield,kpassfieldgk@tumblr.com,12/12/2021
598,Zea,Grocutt,zgrocuttgl@blogtalkradio.com,5/25/2022
599,Mamie,Brereton,mbreretongm@behance.net,1/14/2022
600,Leonerd,Ridgwell,lridgwellgn@free.fr,9/1/2022
601,Daveta,Pyffe,dpyffego@mashable.com,2/27/2022
602,Elnora,Spehr,espehrgp@posterous.com,3/6/2022
603,Halie,Guymer,hguymergq@ebay.co.uk,7/12/2022
604,Shell,Bradlaugh,sbradlaughgr@cbslocal.com,5/10/2022
605,Eugenia,Pudney,epudneygs@wikipedia.org,1/28/2022
606,Noak,Mundow,nmundowgt@people.com.cn,9/18/2022
607,Codie,Luggar,cluggargu@livejournal.com,12/27/2021
608,Jenda,Debrick,jdebrickgv@constantcontact.com,2/24/2022
609,Addia,Goring,agoringgw@imgur.com,3/12/2022
610,Shell,Klimes,sklimesgx@acquirethisname.com,7/12/2022
611,Ethe,Faro,efarogy@thetimes.co.uk,1/21/2022
612,Coretta,Topaz,ctopazgz@google.fr,5/25/2022
613,Mischa,Blaes,mblaesh0@g.co,8/25/2022
614,Barton,Crotty,bcrottyh1@mlb.com,1/27/2022
615,Pandora,Ranklin,pranklinh2@dell.com,10/7/2022
616,Davidson,Pendred,dpendredh3@irs.gov,9/1/2022
617,Farand,Suffield,fsuffieldh4@shutterfly.com,10/23/2022
618,Holly,Wandrack,hwandrackh5@imgur.com,4/4/2022
619,Randi,Giriardelli,rgiriardellih6@un.org,9/25/2022
620,Rayner,Reynish,rreynishh7@reuters.com,9/1/2022
621,Norri,England,nenglandh8@hibu.com,1/21/2022
622,Ara,Fache,afacheh9@nydailynews.com,7/22/2022
623,Cecily,Laybourne,claybourneha@cnbc.com,1/16/2022
624,Gib,Van den Broek,gvandenbroekhb@cdc.gov,4/2/2022
625,Layla,Gower,lgowerhc@ucla.edu,9/21/2022
626,Corbie,Radford,cradfordhd@hao123.com,6/7/2022
627,Belvia,Posthill,bposthillhe@fc2.com,12/22/2021
628,Jacquenetta,McArdle,jmcardlehf@dot.gov,4/21/2022
629,Tybi,Byrd,tbyrdhg@tumblr.com,2/10/2022
630,Mercie,Velte,mveltehh@ca.gov,11/10/2022
631,Chelsea,Ludwell,cludwellhi@gnu.org,10/5/2022
632,Casper,Rochford,crochfordhj@army.mil,10/3/2022
633,Orson,Issitt,oissitthk@geocities.jp,3/14/2022
634,Roch,Skaife,rskaifehl@shinystat.com,9/16/2022
635,Elvyn,Bartlomieczak,ebartlomieczakhm@discuz.net,1/22/2022
636,Galvan,Cerro,gcerrohn@canalblog.com,4/5/2022
637,Hagan,Jotham,hjothamho@webnode.com,4/30/2022
638,Tiebout,Tuckerman,ttuckermanhp@yellowpages.com,2/9/2022
639,Perren,Gorsse,pgorssehq@berkeley.edu,1/22/2022
640,Bonny,Ference,bferencehr@adobe.com,11/25/2021
641,Dreddy,Mabbett,dmabbetths@businessweek.com,8/24/2022
642,Benedikt,Starcks,bstarcksht@moonfruit.com,12/18/2021
643,Ignacio,Twining,itwininghu@sohu.com,2/1/2022
644,Melli,Giraudy,mgiraudyhv@earthlink.net,9/28/2022
645,Wilmar,Liccardi,wliccardihw@gnu.org,3/14/2022
646,Brig,Stilly,bstillyhx@weibo.com,11/12/2022
647,Kittie,Henzer,khenzerhy@yolasite.com,8/2/2022
648,Wallache,Smeuin,wsmeuinhz@msu.edu,8/29/2022
649,Somerset,Durnford,sdurnfordi0@imdb.com,4/27/2022
650,Lothario,Brumbye,lbrumbyei1@forbes.com,7/23/2022
651,Min,Newlove,mnewlovei2@nasa.gov,6/19/2022
652,Sioux,Baptista,sbaptistai3@tiny.cc,10/3/2022
653,Carline,Sneesby,csneesbyi4@skyrock.com,12/16/2021
654,Inna,Doige,idoigei5@ted.com,4/24/2022
655,Gerry,Mayo,gmayoi6@upenn.edu,7/7/2022
656,Nesta,Bradburn,nbradburni7@mysql.com,2/14/2022
657,Blithe,Hessle,bhesslei8@jimdo.com,3/9/2022
658,Beryle,Borrington,bborringtoni9@intel.com,3/22/2022
659,Salomone,Sheron,ssheronia@fema.gov,10/23/2022
660,Aloysius,Breen,abreenib@ezinearticles.com,12/29/2021
661,Karil,Tremoulet,ktremouletic@cam.ac.uk,1/23/2022
662,Griffith,Lyver,glyverid@google.co.uk,2/13/2022
663,Roobbie,Gilroy,rgilroyie@seesaa.net,6/22/2022
664,Josh,Coburn,jcoburnif@ehow.com,12/16/2021
665,Sharon,Hawsby,shawsbyig@archive.org,11/19/2022
666,Hamlin,Matfin,hmatfinih@exblog.jp,4/9/2022
667,Mozelle,Waghorn,mwaghornii@japanpost.jp,8/21/2022
668,Dana,Niven,dnivenij@live.com,1/9/2022
669,Laird,Kersley,lkersleyik@indiatimes.com,5/7/2022
670,Eziechiele,Felgate,efelgateil@geocities.com,8/3/2022
671,Tatiania,Codeman,tcodemanim@bigcartel.com,5/15/2022
672,Gwen,McCreadie,gmccreadiein@oakley.com,1/6/2022
673,Jonathon,Playfair,jplayfairio@cbc.ca,3/12/2022
674,Kiley,Glastonbury,kglastonburyip@diigo.com,10/20/2022
675,Vanessa,Rantoull,vrantoulliq@i2i.jp,4/14/2022
676,Valma,Creamen,vcreamenir@mozilla.org,8/4/2022
677,Randal,Arnaudon,rarnaudonis@biglobe.ne.jp,4/19/2022
678,Marabel,Brabham,mbrabhamit@phpbb.com,8/16/2022
679,Olly,Abbotts,oabbottsiu@tinypic.com,9/9/2022
680,Suzie,Mandres,smandresiv@w3.org,2/16/2022
681,Link,L'Episcopio,llepiscopioiw@goo.ne.jp,11/8/2022
682,Joellyn,Kunze,jkunzeix@w3.org,1/5/2022
683,Olivia,Fenck,ofenckiy@berkeley.edu,10/22/2022
684,Blaine,Avesque,bavesqueiz@so-net.ne.jp,5/5/2022
685,Fee,Denisevich,fdenisevichj0@liveinternet.ru,5/7/2022
686,Noella,MacDaid,nmacdaidj1@joomla.org,11/21/2022
687,Samara,Box,sboxj2@washingtonpost.com,10/24/2022
688,Rosemonde,Decourt,rdecourtj3@feedburner.com,6/13/2022
689,Zolly,Stanmore,zstanmorej4@myspace.com,11/8/2022
690,Valentine,Juniper,vjuniperj5@ucla.edu,7/22/2022
691,North,Croker,ncrokerj6@auda.org.au,5/8/2022
692,Samson,Blincow,sblincowj7@dailymotion.com,5/24/2022
693,Brade,Springford,bspringfordj8@unc.edu,2/21/2022
694,Rodge,Tomley,rtomleyj9@youku.com,8/14/2022
695,Ki,Adrain,kadrainja@deliciousdays.com,9/19/2022
696,Vittoria,Hurrell,vhurrelljb@yelp.com,6/8/2022
697,Ruttger,Peskin,rpeskinjc@shareasale.com,8/19/2022
698,Mikey,Full,mfulljd@si.edu,12/20/2021
699,Derril,Nairne,dnairneje@github.io,7/22/2022
700,Frasco,Reynolds,freynoldsjf@latimes.com,9/8/2022
701,Garth,Werny,gwernyjg@mapy.cz,2/9/2022
702,Corinne,Tainton,ctaintonjh@delicious.com,4/3/2022
703,Kimble,Frango,kfrangoji@europa.eu,6/16/2022
704,Josy,Villa,jvillajj@nymag.com,3/28/2022
705,Byrle,Rozzell,brozzelljk@weebly.com,12/26/2021
706,Joellen,Perton,jpertonjl@1688.com,2/13/2022
707,Byram,Pleming,bplemingjm@photobucket.com,1/21/2022
708,Jobie,Bayley,jbayleyjn@unc.edu,11/5/2022
709,Sheilah,Kubczak,skubczakjo@biblegateway.com,9/29/2022
710,Layla,Beldham,lbeldhamjp@furl.net,6/22/2022
711,Harriett,Heninghem,hheninghemjq@so-net.ne.jp,6/16/2022
712,Yvette,Cupper,ycupperjr@blogs.com,7/16/2022
713,Reidar,Hue,rhuejs@wikipedia.org,2/4/2022
714,Hanan,Hobden,hhobdenjt@is.gd,4/24/2022
715,Neall,Bryers,nbryersju@webmd.com,8/17/2022
716,Frasquito,Semour,fsemourjv@purevolume.com,5/29/2022
717,Allianora,Orrocks,aorrocksjw@latimes.com,7/14/2022
718,Annissa,Bexon,abexonjx@baidu.com,3/15/2022
719,Aaron,Spier,aspierjy@cnbc.com,9/26/2022
720,Kaycee,Bakey,kbakeyjz@facebook.com,4/28/2022
721,Tristan,Porch,tporchk0@phpbb.com,6/10/2022
722,Dacie,Wilkie,dwilkiek1@google.co.uk,6/27/2022
723,Inger,Sandever,isandeverk2@rediff.com,3/26/2022
724,Dalston,Clerc,dclerck3@slashdot.org,6/23/2022
725,Roselin,Sanchis,rsanchisk4@4shared.com,11/5/2022
726,Lucas,Matchett,lmatchettk5@patch.com,8/13/2022
727,Sari,Stonebanks,sstonebanksk6@mashable.com,8/13/2022
728,Shayne,Weatherill,sweatherillk7@shop-pro.jp,1/15/2022
729,Shae,Inworth,sinworthk8@google.com.hk,2/1/2022
730,Jackie,Pilmer,jpilmerk9@posterous.com,3/17/2022
731,Alessandra,Loomis,aloomiska@ifeng.com,12/12/2021
732,Lottie,Vasyutin,lvasyutinkb@youtu.be,8/21/2022
733,Basilio,Darville,bdarvillekc@microsoft.com,9/24/2022
734,Marissa,Crickmore,mcrickmorekd@yahoo.com,3/3/2022
735,Andeee,Pocknell,apocknellke@intel.com,5/2/2022
736,Rania,Anstee,ransteekf@nifty.com,11/4/2022
737,Romona,Balf,rbalfkg@is.gd,3/20/2022
738,Ronda,Eard,reardkh@nih.gov,5/6/2022
739,Arabelle,Lett,alettki@intel.com,1/20/2022
740,Archibaldo,Syversen,asyversenkj@studiopress.com,7/23/2022
741,Babbette,Furness,bfurnesskk@123-reg.co.uk,4/26/2022
742,Kristy,Roos,krooskl@theatlantic.com,3/31/2022
743,Danita,Hanks,dhankskm@webmd.com,1/1/2022
744,Augustine,Fransoni,afransonikn@ocn.ne.jp,2/14/2022
745,Horton,Sworder,hsworderko@howstuffworks.com,1/14/2022
746,Aubine,Hasser,ahasserkp@artisteer.com,1/15/2022
747,La verne,Rothschild,lrothschildkq@privacy.gov.au,7/20/2022
748,Virgie,Gounet,vgounetkr@cyberchimps.com,12/3/2021
749,Barbabra,Ranahan,branahanks@cloudflare.com,3/15/2022
750,Robinett,Broggio,rbroggiokt@biblegateway.com,10/18/2022
751,Dido,Barock,dbarockku@shop-pro.jp,11/18/2022
752,Burt,Garley,bgarleykv@storify.com,5/10/2022
753,Meggie,Gathercole,mgathercolekw@imgur.com,3/24/2022
754,Merrielle,Brasseur,mbrasseurkx@g.co,12/29/2021
755,Ernst,Merle,emerleky@blogs.com,3/26/2022
756,Eddi,Pountney,epountneykz@loc.gov,10/15/2022
757,Reinhard,Banstead,rbansteadl0@hugedomains.com,3/16/2022
758,Oona,Haymes,ohaymesl1@globo.com,9/27/2022
759,Keefe,Meaders,kmeadersl2@answers.com,5/4/2022
760,Ebonee,Gibbonson,egibbonsonl3@army.mil,8/10/2022
761,Ginnifer,Frenchum,gfrenchuml4@nasa.gov,8/17/2022
762,Barrett,Wann,bwannl5@uiuc.edu,3/24/2022
763,Francklin,Kinnier,fkinnierl6@imgur.com,7/19/2022
764,Rasla,Dannel,rdannell7@deviantart.com,1/19/2022
765,Eugine,Barwack,ebarwackl8@linkedin.com,9/21/2022
766,Katie,Shevels,kshevelsl9@tuttocitta.it,10/8/2022
767,Brandy,Sangra,bsangrala@drupal.org,10/20/2022
768,Claiborne,Warstall,cwarstalllb@squidoo.com,6/8/2022
769,Caralie,Jeffry,cjeffrylc@yahoo.co.jp,10/1/2022
770,Verina,Bangley,vbangleyld@sphinn.com,5/3/2022
771,Eveline,Kneesha,ekneeshale@amazon.com,8/13/2022
772,Allegra,Covil,acovillf@timesonline.co.uk,4/9/2022
773,Elizabet,Coaten,ecoatenlg@irs.gov,2/3/2022
774,Ashely,Duckham,aduckhamlh@ibm.com,10/15/2022
775,Fifi,Tatham,ftathamli@theatlantic.com,5/3/2022
776,Dorelle,Faro,dfarolj@shinystat.com,7/10/2022
777,Margi,Courvert,mcourvertlk@uiuc.edu,1/1/2022
778,Trey,Gaspard,tgaspardll@desdev.cn,1/1/2022
779,Tobiah,Giacaponi,tgiacaponilm@shareasale.com,12/22/2021
780,Dorie,Markushkin,dmarkushkinln@hostgator.com,7/25/2022
781,Perrine,Clemmett,pclemmettlo@ed.gov,3/10/2022
782,Dru,Kunzelmann,dkunzelmannlp@pbs.org,10/11/2022
783,Marlo,Mityukov,mmityukovlq@seesaa.net,12/11/2021
784,Olga,Jennens,ojennenslr@prnewswire.com,4/18/2022
785,Brandise,Cassley,bcassleyls@unblog.fr,1/11/2022
786,My,Minthorpe,mminthorpelt@tiny.cc,6/1/2022
787,Jarrid,Riply,jriplylu@gov.uk,4/4/2022
788,Rebe,Oldacre,roldacrelv@apache.org,7/21/2022
789,Christan,Barensen,cbarensenlw@hc360.com,9/27/2022
790,Jazmin,Crohan,jcrohanlx@pagesperso-orange.fr,7/3/2022
791,Benedict,Wilfling,bwilflingly@cisco.com,4/12/2022
792,Walton,Coda,wcodalz@1und1.de,7/2/2022
793,Blair,Naerup,bnaerupm0@4shared.com,6/1/2022
794,Sindee,Allender,sallenderm1@addtoany.com,3/1/2022
795,Aleta,Andrzej,aandrzejm2@examiner.com,8/11/2022
796,Deeyn,Cater,dcaterm3@umn.edu,12/20/2021
797,Peria,Climie,pclimiem4@tinyurl.com,6/7/2022
798,Paolo,Gosker,pgoskerm5@accuweather.com,9/1/2022
799,Gabi,Blackham,gblackhamm6@unesco.org,4/3/2022
800,Cal,Masey,cmaseym7@cnn.com,8/29/2022
801,Skyler,Crates,scratesm8@alexa.com,11/10/2022
802,Feliza,Ible,fiblem9@home.pl,4/2/2022
803,Carin,Stuchbury,cstuchburyma@wunderground.com,10/12/2022
804,Carlotta,Urian,curianmb@abc.net.au,5/18/2022
805,Hugibert,Goodge,hgoodgemc@deviantart.com,12/11/2021
806,Farand,MacFarlan,fmacfarlanmd@i2i.jp,10/6/2022
807,Patrice,Venturoli,pventurolime@apple.com,2/10/2022
808,Cobb,Corrado,ccorradomf@vistaprint.com,9/30/2022
809,Cortney,Andrieu,candrieumg@reddit.com,6/18/2022
810,Billy,Adkin,badkinmh@cnbc.com,9/13/2022
811,Jehanna,Wrinch,jwrinchmi@omniture.com,2/26/2022
812,Natka,Hitscher,nhitschermj@state.tx.us,8/13/2022
813,Brynn,Snalum,bsnalummk@statcounter.com,9/21/2022
814,Tommy,Rolinson,trolinsonml@issuu.com,6/17/2022
815,Benedikt,Giraudoux,bgiraudouxmm@earthlink.net,10/25/2022
816,Obidiah,Pessolt,opessoltmn@mail.ru,7/27/2022
817,Eileen,Stanlake,estanlakemo@dailymotion.com,4/4/2022
818,Felicle,Robbe,frobbemp@uol.com.br,8/15/2022
819,Hart,Mudie,hmudiemq@biblegateway.com,3/14/2022
820,Mandie,Packer,mpackermr@godaddy.com,2/16/2022
821,Lelia,Wyllis,lwyllisms@hao123.com,4/1/2022
822,Opaline,Kittley,okittleymt@fastcompany.com,2/17/2022
823,Mellie,Booth,mboothmu@odnoklassniki.ru,11/30/2021
824,Hedvig,Raise,hraisemv@hhs.gov,2/28/2022
825,Heloise,Edgington,hedgingtonmw@surveymonkey.com,12/1/2021
826,Tallou,Connolly,tconnollymx@typepad.com,10/7/2022
827,Kenyon,Lambrechts,klambrechtsmy@cbc.ca,11/15/2022
828,Dorri,Husk,dhuskmz@addthis.com,8/10/2022
829,Kermy,Russel,krusseln0@weather.com,8/30/2022
830,Amelina,Wloch,awlochn1@rakuten.co.jp,12/2/2021
831,Annadiane,Bricklebank,abricklebankn2@kickstarter.com,5/25/2022
832,Chev,Blackeby,cblackebyn3@reuters.com,4/5/2022
833,Tannie,Daniell,tdanielln4@nbcnews.com,3/30/2022
834,Huey,Isakovic,hisakovicn5@last.fm,4/11/2022
835,Portia,Danelet,pdaneletn6@phoca.cz,12/14/2021
836,Leigh,Johananov,ljohananovn7@freewebs.com,5/23/2022
837,Hersh,Pynn,hpynnn8@hugedomains.com,4/5/2022
838,Hymie,Baynom,hbaynomn9@narod.ru,4/14/2022
839,Charleen,Wrighton,cwrightonna@patch.com,11/2/2022
840,Beulah,Rotter,brotternb@mlb.com,7/24/2022
841,Germaine,Hakey,ghakeync@sohu.com,5/10/2022
842,Moise,Desorts,mdesortsnd@arizona.edu,12/12/2021
843,Terri,Merrilees,tmerrileesne@elpais.com,2/10/2022
844,Maris,Ivic,mivicnf@state.tx.us,10/9/2022
845,Hynda,Roels,hroelsng@dyndns.org,8/24/2022
846,Lenard,Stronghill,lstronghillnh@seattletimes.com,8/2/2022
847,Payton,Espy,pespyni@admin.ch,4/9/2022
848,Elnar,Whyborn,ewhybornnj@ed.gov,6/17/2022
849,Sadye,Spinozzi,sspinozzink@yahoo.co.jp,5/30/2022
850,Cory,Lambden,clambdennl@biblegateway.com,11/25/2021
851,Leona,Bangiard,lbangiardnm@fastcompany.com,2/13/2022
852,Manolo,McCaughey,mmccaugheynn@slashdot.org,3/30/2022
853,Kalila,Yuryev,kyuryevno@admin.ch,2/9/2022
854,Brnaby,Broadbere,bbroadberenp@biblegateway.com,9/12/2022
855,Giustina,Rosenhaupt,grosenhauptnq@ucoz.ru,1/17/2022
856,Herschel,MacRory,hmacrorynr@netlog.com,6/4/2022
857,Dawn,Lardier,dlardierns@skype.com,4/2/2022
858,Mason,Heinke,mheinkent@dyndns.org,2/7/2022
859,Turner,Shoebrook,tshoebrooknu@mapquest.com,10/4/2022
860,Brew,Lampe,blampenv@redcross.org,8/23/2022
861,Adelaide,Baigent,abaigentnw@gizmodo.com,2/9/2022
862,Rhona,Titmarsh,rtitmarshnx@weebly.com,6/30/2022
863,Saxe,Fahy,sfahyny@jiathis.com,4/8/2022
864,Gillie,Croad,gcroadnz@mlb.com,4/11/2022
865,Eliot,Grayley,egrayleyo0@elpais.com,3/7/2022
866,Cally,Warbeys,cwarbeyso1@nba.com,7/3/2022
867,Hallie,Maskew,hmaskewo2@economist.com,12/14/2021
868,Gerrie,Touhig,gtouhigo3@oaic.gov.au,10/21/2022
869,Rand,Cattow,rcattowo4@xing.com,9/3/2022
870,Albrecht,Normanvill,anormanvillo5@pcworld.com,5/2/2022
871,Ashely,Fouldes,afouldeso6@nydailynews.com,2/15/2022
872,Powell,Matthewes,pmattheweso7@a8.net,5/26/2022
873,Nathaniel,Yardy,nyardyo8@umn.edu,10/17/2022
874,Catherin,Menichino,cmenichinoo9@cargocollective.com,8/15/2022
875,Bent,Castledine,bcastledineoa@msu.edu,8/19/2022
876,Antin,Fairburne,afairburneob@canalblog.com,10/28/2022
877,Dagmar,Werlock,dwerlockoc@qq.com,4/19/2022
878,Ailene,Hiddy,ahiddyod@slate.com,4/2/2022
879,Marleen,Watling,mwatlingoe@foxnews.com,1/1/2022
880,Mandie,Rushman,mrushmanof@studiopress.com,2/5/2022
881,Esdras,Sibbet,esibbetog@ox.ac.uk,4/7/2022
882,Armin,Muscat,amuscatoh@nih.gov,11/14/2022
883,Shandy,Stouther,sstoutheroi@weebly.com,3/3/2022
884,Tamera,Dollin,tdollinoj@indiatimes.com,9/25/2022
885,Akim,McGooch,amcgoochok@hostgator.com,7/14/2022
886,Leighton,O'Mara,lomaraol@hostgator.com,3/5/2022
887,April,Schusterl,aschusterlom@economist.com,1/13/2022
888,Foss,Sansum,fsansumon@geocities.com,2/19/2022
889,Dwain,Breazeall,dbreazealloo@europa.eu,9/12/2022
890,Celinda,St. John,cstjohnop@xing.com,2/17/2022
891,Melba,Jorge,mjorgeoq@tinyurl.com,2/21/2022
892,Pammy,Wixey,pwixeyor@apple.com,7/21/2022
893,Bartie,Geroldini,bgeroldinios@biblegateway.com,12/30/2021
894,Theo,Kerfoot,tkerfootot@wikispaces.com,10/30/2022
895,Nelli,Ruttgers,nruttgersou@hostgator.com,10/27/2022
896,Curtice,Seedull,cseedullov@usda.gov,2/24/2022
897,Adel,Newlyn,anewlynow@amazonaws.com,6/3/2022
898,Bethanne,Yesichev,byesichevox@myspace.com,3/28/2022
899,Anthiathia,Rowlett,arowlettoy@bravesites.com,2/19/2022
900,Blaine,Lambillion,blambillionoz@nps.gov,4/15/2022
901,Staford,Prinne,sprinnep0@exblog.jp,2/28/2022
902,Selinda,Cansdale,scansdalep1@google.de,10/10/2022
903,Isidora,Agerskow,iagerskowp2@sitemeter.com,3/23/2022
904,Christie,Mansel,cmanselp3@time.com,6/24/2022
905,Shantee,Casine,scasinep4@g.co,1/21/2022
906,Marni,Campelli,mcampellip5@so-net.ne.jp,11/17/2022
907,Luther,Steele,lsteelep6@prlog.org,8/6/2022
908,Basil,Baudins,bbaudinsp7@pinterest.com,10/23/2022
909,Helen-elizabeth,Spendlove,hspendlovep8@jugem.jp,9/20/2022
910,Meryl,Izon,mizonp9@cmu.edu,8/16/2022
911,Kevyn,Badman,kbadmanpa@abc.net.au,3/11/2022
912,Tadeo,Keeler,tkeelerpb@infoseek.co.jp,4/2/2022
913,Jorgan,Coolbear,jcoolbearpc@oaic.gov.au,2/20/2022
914,Zackariah,Kinmond,zkinmondpd@apple.com,5/19/2022
915,Ilyse,Yanele,iyanelepe@liveinternet.ru,3/2/2022
916,Hieronymus,Guerrin,hguerrinpf@nytimes.com,5/13/2022
917,Dillie,Gibson,dgibsonpg@ft.com,5/16/2022
918,El,Izkoveski,eizkoveskiph@senate.gov,12/6/2021
919,Caren,Sandeford,csandefordpi@ebay.com,2/22/2022
920,Gavan,Pilley,gpilleypj@nsw.gov.au,9/26/2022
921,Hardy,Haxley,hhaxleypk@symantec.com,12/31/2021
922,Eloise,Morshead,emorsheadpl@upenn.edu,2/20/2022
923,Tricia,Tucsell,ttucsellpm@paypal.com,6/6/2022
924,Geno,Cordey,gcordeypn@tuttocitta.it,11/28/2021
925,Cristabel,Sliman,cslimanpo@imdb.com,7/27/2022
926,Lisbeth,Remer,lremerpp@example.com,1/20/2022
927,Wallie,Peskin,wpeskinpq@dailymotion.com,10/2/2022
928,Shepperd,Davydzenko,sdavydzenkopr@ed.gov,3/18/2022
929,Emmaline,Ewens,eewensps@cnet.com,7/23/2022
930,Rachelle,Popelay,rpopelaypt@rambler.ru,12/11/2021
931,Kit,Shrubsall,kshrubsallpu@photobucket.com,11/1/2022
932,Leah,Spohr,lspohrpv@alibaba.com,3/20/2022
933,Carlee,Stoner,cstonerpw@loc.gov,8/27/2022
934,Dell,Chanders,dchanderspx@ow.ly,3/8/2022
935,Bryana,Bernardi,bbernardipy@forbes.com,6/15/2022
936,Iggy,Albon,ialbonpz@scientificamerican.com,7/2/2022
937,Freida,Wais,fwaisq0@dedecms.com,3/17/2022
938,Janka,Gricewood,jgricewoodq1@tmall.com,11/16/2022
939,Tony,Tayspell,ttayspellq2@buzzfeed.com,12/1/2021
940,Hersch,Gallifont,hgallifontq3@cocolog-nifty.com,5/27/2022
941,Liam,Clorley,lclorleyq4@paginegialle.it,3/19/2022
942,Korey,Ayling,kaylingq5@mysql.com,8/7/2022
943,Culver,Martins,cmartinsq6@elpais.com,10/15/2022
944,Isidora,Lyness,ilynessq7@com.com,5/7/2022
945,Isac,MacKniely,imacknielyq8@wikia.com,1/5/2022
946,Cornela,Quilkin,cquilkinq9@free.fr,1/7/2022
947,Phylys,Wadman,pwadmanqa@sourceforge.net,2/3/2022
948,Mikel,Cescon,mcesconqb@opensource.org,3/18/2022
949,Christen,de Werk,cdewerkqc@acquirethisname.com,8/13/2022
950,Neel,Edwin,nedwinqd@miitbeian.gov.cn,6/5/2022
951,Lesli,Whetnell,lwhetnellqe@about.me,9/19/2022
952,Skye,Boole,sbooleqf@networksolutions.com,9/30/2022
953,Alexandrina,Mallinar,amallinarqg@forbes.com,12/20/2021
954,Johan,Scoular,jscoularqh@apache.org,4/18/2022
955,Cherrita,Britee,cbriteeqi@chicagotribune.com,2/20/2022
956,Nicholas,Ortner,nortnerqj@desdev.cn,3/6/2022
957,Kelila,Kemer,kkemerqk@netvibes.com,9/8/2022
958,Rosabelle,Bruton,rbrutonql@unesco.org,2/9/2022
959,Janey,Tolomei,jtolomeiqm@sciencedaily.com,5/2/2022
960,Fabian,Bonin,fboninqn@howstuffworks.com,4/27/2022
961,Erinna,Lulham,elulhamqo@bbc.co.uk,5/7/2022
962,Vince,Ingamells,vingamellsqp@guardian.co.uk,5/20/2022
963,Jewel,Brearton,jbreartonqq@github.com,1/13/2022
964,Bail,Scarlon,bscarlonqr@4shared.com,10/12/2022
965,Louis,Yexley,lyexleyqs@ehow.com,5/2/2022
966,Max,Aizikov,maizikovqt@mashable.com,9/3/2022
967,Emelita,Moultrie,emoultriequ@soup.io,12/19/2021
968,Shaun,Cowndley,scowndleyqv@patch.com,8/19/2022
969,Edwin,Daspar,edasparqw@chronoengine.com,12/31/2021
970,Andrea,Skouling,askoulingqx@tmall.com,12/10/2021
971,Elinore,Regler,ereglerqy@weather.com,9/23/2022
972,Aldus,McRill,amcrillqz@google.com,8/28/2022
973,Cassie,Boobyer,cboobyerr0@youku.com,3/7/2022
974,Mil,Broggelli,mbroggellir1@4shared.com,6/26/2022
975,Rafi,Spellward,rspellwardr2@ebay.co.uk,3/25/2022
976,Myca,Escolme,mescolmer3@army.mil,3/9/2022
977,Sax,Dalling,sdallingr4@acquirethisname.com,12/22/2021
978,Noelani,Mifflin,nmifflinr5@seattletimes.com,6/1/2022
979,Deeyn,Yerson,dyersonr6@sbwire.com,1/20/2022
980,Izzy,Oughton,ioughtonr7@nsw.gov.au,1/16/2022
981,Aguistin,Herreros,aherrerosr8@biglobe.ne.jp,9/28/2022
982,Davis,Niemiec,dniemiecr9@ebay.com,11/17/2022
983,Duke,O'Brollachain,dobrollachainra@google.co.jp,6/21/2022
984,Marci,Galletley,mgalletleyrb@storify.com,9/17/2022
985,Margarita,Cake,mcakerc@youtube.com,6/5/2022
986,Patty,Aylesbury,paylesburyrd@yellowpages.com,3/11/2022
987,Philippine,Landor,plandorre@printfriendly.com,9/25/2022
988,Alvan,Ruffy,aruffyrf@independent.co.uk,10/13/2022
989,Odette,Farry,ofarryrg@cloudflare.com,8/27/2022
990,Carmon,Skirving,cskirvingrh@google.com.hk,7/29/2022
991,Ferrell,Batho,fbathori@slashdot.org,6/25/2022
992,Gabie,Westhead,gwestheadrj@infoseek.co.jp,9/5/2022
993,Nat,Skillings,nskillingsrk@illinois.edu,10/2/2022
994,Chance,MacAnespie,cmacanespierl@opera.com,4/10/2022
995,Ezri,Farrell,efarrellrm@pcworld.com,7/2/2022
996,Dalila,Grinnikov,dgrinnikovrn@reverbnation.com,3/10/2022
997,Coriss,Went,cwentro@illinois.edu,12/23/2021
998,Fraze,Vinton,fvintonrp@microsoft.com,1/17/2022
999,Seward,Woodthorpe,swoodthorperq@whitehouse.gov,1/26/2022
1000,Prudi,Minchin,pminchinrr@shop-pro.jp,8/15/2022
